ID,SourceType,Title,URL,VersionOrCommit,License,ObservedFact,Inference,TestableHypothesis,AccessedAt
P01,Primary,Journey official product page,https://www.playstation.com/en-us/games/journey/,official-page,Reference only,"PlayStation's official hero image places the traveler below a continuous dune ridge and keeps a distant summit structure above the horizon.","A persistent landmark and one dominant terrain slope can communicate forward travel without HUD arrows.","Keeping the main route landmark inside the central 40 percent for at least three seconds will let four of five first-time viewers indicate the travel direction.",2026-08-23
P02,Primary,Star Fox Zero official launch trailer,https://www.youtube.com/watch?v=kexWqX34E7w,2016-04-22,Reference only,"Nintendo of America's verified-channel trailer shows the Arwing in a stable lower-center region while obstacles targets and beams expand toward the camera.","Stable player placement plus fast optic-flow objects can support high speed without losing the controlled object.","A fixed player recognition zone and target TTC above 0.8 seconds will let four of five first-time viewers identify both protagonist and nearest hazard.",2026-08-23
P03,Primary,Space Harrier official SEGA AGES page,https://segaages.sega.com/project/space-harrier/index.htm,official-page,Reference only,"SEGA's official screenshots keep Harrier left of center and use a ground grid with rapidly scaling sprites around a centered horizon.","A strong vanishing grid and large near silhouettes make constant forward motion legible even with sparse geometry.","A route grid occupying at least half the screen width will improve direction recognition over the current flat EARTH capture.",2026-08-23
P04,Primary,Rez Infinite official product page,https://www.playstation.com/en-in/games/rez-infinite/,official-page,Reference only,"PlayStation's official screenshots show centered lock-on targets layered over converging wireframe corridors with player action expressed by high-contrast color and line bursts.","The causal action can remain legible when target lock feedback and environmental depth share a single visual axis.","Pulse onset within 150 milliseconds followed by a distinct peak and recovery will be explainable by four of five first-time players.",2026-08-23
P05,Primary,ABZU official 505 Games page,https://505games.com/games/abzu/,official-page,Reference only,"The publisher's official screenshots frame the diver against bright water volumes schools and large animals with clear near mid and far separation.","Biological scale is readable when the protagonist remains a contrasting silhouette and surrounding life supplies multiple depth bands.","Keeping the protagonist above 1 percent frame area while preserving three depth bands will let four of five viewers identify both player and direction.",2026-08-23
P06,Primary,Exo One official game page,https://exo-one-game.com/,official-page,Reference only,"The developer's official screenshots place a small dark craft against bright terrain and pair it with monoliths beams or horizon breaks.","High-contrast landmarks can carry direction while a small player preserves environmental scale.","A persistent high-contrast landmark with player area between 0.5 and 2.5 percent will improve goal identification without enlarging the protagonist excessively.",2026-08-23
G01,GitHub,Playwright v1.62.1 release,https://github.com/microsoft/playwright/releases/tag/v1.62.1,v1.62.1,Apache-2.0,"The pinned release exists and the repository license is Apache-2.0; the project already locks the same package line for browser capture.","The existing dependency can generate project-owned current captures without adding runtime code or a new package.","A repeatable capture command will reproduce three exact checkpoints and a 12-second clip from a clean source commit.",2026-08-23
G02,GitHub,FFmpeg pinned source,https://github.com/FFmpeg/FFmpeg/tree/894da5ca7d742e4429ffb2af534fcda0103ef593,894da5ca7d742e4429ffb2af534fcda0103ef593,LGPL-2.1-or-later/GPL-2.0-or-later,"The inspected source commit resolves from the n8.0.1 tag; the local Homebrew 8.1.2 build reports GPL-enabled configuration and is used only as an offline encoder.","Offline clip encoding can remain outside the browser bundle and no FFmpeg binary or third-party footage needs redistribution.","The 72 project-owned frames encode to a 12-second WebM while package.json dependencies and Production assets remain unchanged.",2026-08-23
C01,Community,r/gamedesign environmental direction thread,https://www.reddit.com/r/gamedesign/comments/lh58im/,2021-community-thread,Community observation,"Participants cite Journey's opening dune and camera composition as a way to indicate where to go without a map marker.","Community recollection supports testing environmental landmarks but cannot establish the Production decision by itself.","Blind viewers will point toward the landmark more often in a persistent-horizon candidate than in the current EARTH frame.",2026-08-23
C02,Community,Exo One control confusion discussion,https://steamcommunity.com/app/773370/discussions/0/6660355377992919621/,2024-community-thread,Community observation,"A player initially believed gravity and glide inputs were ineffective until controller remapping made the expected feedback occur.","Correct prompts alone do not prove understood causality when input-to-response feedback is absent or ambiguous.","A first-use test that records exact input and visible response within 150 milliseconds will expose false understanding that a screenshot cannot.",2026-08-23
